,0
0,"{'TERM': 'Python', 'MEANING': 'A high-level programming language known for its simplicity and readability.'}"
1,"{'TERM': 'Software', 'MEANING': 'Programs and applications that run on computers or other devices.'}"
2,"{'TERM': 'Development', 'MEANING': 'The process of creating or improving software products.'}"
3,"{'TERM': 'Programming', 'MEANING': 'The act of writing and designing computer programs.'}"
4,"{'TERM': 'Language', 'MEANING': 'A system of communication used to express instructions to a computer.'}"
5,"{'TERM': 'System', 'MEANING': 'A collection of elements or components working together to perform a task or function.'}"
6,"{'TERM': 'Application', 'MEANING': 'A software program designed to perform a specific task or set of tasks for the user.'}"
7,"{'TERM': 'Framework', 'MEANING': 'A pre-built structure or platform that provides a foundation for developing software applications.'}"
8,"{'TERM': 'Library', 'MEANING': 'A collection of pre-written code or functions that can be reused in software development.'}"
9,"{'TERM': 'Module', 'MEANING': 'A self-contained unit of code that can be used and reused in various programs.'}"
10,"{'TERM': 'Function', 'MEANING': 'A named block of code that performs a specific task or operation.'}"
11,"{'TERM': 'Variable', 'MEANING': 'A named storage location in computer memory used to hold data.'}"
12,"{'TERM': 'Object', 'MEANING': 'An instance of a class in object-oriented programming, encapsulating data and behavior.'}"
13,"{'TERM': 'Class', 'MEANING': 'A blueprint for creating objects, providing initial values and methods.'}"
14,"{'TERM': 'Method', 'MEANING': 'A function associated with a class, typically acting on its instances.'}"
15,"{'TERM': 'Statement', 'MEANING': 'A unit of code that expresses some action to be carried out.'}"
16,"{'TERM': 'Syntax', 'MEANING': 'The rules that define the structure of a programming language.'}"
17,"{'TERM': 'Algorithm', 'MEANING': 'A step-by-step procedure for solving a problem or accomplishing a task.'}"
18,"{'TERM': 'Debugging', 'MEANING': 'The process of finding and fixing errors or bugs in software code.'}"
19,"{'TERM': 'Testing', 'MEANING': 'The process of evaluating a software application or system to find defects and ensure its quality.'}"
20,"{'TERM': 'Documentation', 'MEANING': 'Written information describing the functionality and use of software or hardware.'}"
21,"{'TERM': 'Version', 'MEANING': 'A specific iteration or release of a software product.'}"
22,"{'TERM': 'Repository', 'MEANING': 'A storage location where software code and related assets are stored and managed.'}"
23,"{'TERM': 'Merge', 'MEANING': 'Combining changes from different branches of code into a single codebase.'}"
24,"{'TERM': 'Commit', 'MEANING': 'A record of changes made to a repository, typically accompanied by a message describing the changes.'}"
25,"{'TERM': 'Branch', 'MEANING': 'A separate line of development in a version control system, allowing for parallel work on code.'}"
26,"{'TERM': 'Clone', 'MEANING': 'Creating a copy of a repository or branch.'}"
27,"{'TERM': 'Pull', 'MEANING': 'Fetching and integrating changes from a remote repository into a local branch.'}"
28,"{'TERM': 'Push', 'MEANING': 'Uploading local changes to a remote repository.'}"
29,"{'TERM': 'Merge Conflict', 'MEANING': 'A situation where two branches of code have changes that cannot be automatically reconciled.'}"
30,"{'TERM': 'API', 'MEANING': 'Application Programming Interface; a set of rules and protocols for building and interacting with software applications.'}"
31,"{'TERM': 'Interface', 'MEANING': 'A boundary across which two independent systems meet and interact.'}"
32,"{'TERM': 'GUI', 'MEANING': 'Graphical User Interface; a visual way of interacting with software using graphical elements.'}"
33,"{'TERM': 'CLI', 'MEANING': 'Command Line Interface; a text-based way of interacting with software using command-line commands.'}"
34,"{'TERM': 'IDE', 'MEANING': 'Integrated Development Environment; a software application that provides comprehensive facilities to computer programmers for software development.'}"
35,"{'TERM': 'Debugger', 'MEANING': 'A tool used to identify and remove errors or bugs from software code.'}"
36,"{'TERM': 'Compiler', 'MEANING': 'A program that translates code written in a high-level programming language into machine code.'}"
37,"{'TERM': 'Interpreter', 'MEANING': 'A program that directly executes instructions written in a programming language without the need for prior compilation.'}"
38,"{'TERM': 'Syntax Error', 'MEANING': 'An error that occurs when code violates the rules of the programming language.'}"
39,"{'TERM': 'Exception', 'MEANING': 'An error or unexpected condition that occurs during the execution of a program.'}"
40,"{'TERM': 'Recursion', 'MEANING': 'A programming technique where a function calls itself in its definition.'}"
41,"{'TERM': 'Loop', 'MEANING': 'A control flow statement that allows code to be executed repeatedly based on a condition.'}"
42,"{'TERM': 'Array', 'MEANING': 'A data structure that stores a collection of elements, typically of the same type.'}"
43,"{'TERM': 'List', 'MEANING': 'A data structure that stores a collection of elements in a specific order.'}"
44,"{'TERM': 'Tuple', 'MEANING': 'A data structure that stores an ordered collection of elements, which cannot be modified after creation.'}"
45,"{'TERM': 'Dictionary', 'MEANING': 'A data structure that stores a collection of key-value pairs, allowing fast retrieval of values based on their keys.'}"
46,"{'TERM': 'Set', 'MEANING': 'A data structure that stores a collection of unique elements, without any particular order.'}"
47,"{'TERM': 'Stack', 'MEANING': 'A data structure that follows the Last In, First Out (LIFO) principle, where elements are added and removed from the same end.'}"
48,"{'TERM': 'Queue', 'MEANING': 'A data structure that follows the First In, First Out (FIFO) principle, where elements are added at the rear and removed from the front.'}"
49,"{'TERM': 'Heap', 'MEANING': 'A specialized tree-based data structure that satisfies the heap property.'}"
50,"{'TERM': 'Binary Tree', 'MEANING': 'A tree data structure in which each node has at most two children.'}"
51,"{'TERM': 'Graph', 'MEANING': 'A data structure consisting of a set of nodes and a set of edges that connect pairs of nodes.'}"
52,"{'TERM': 'Sorting', 'MEANING': 'The process of arranging elements in a specific order.'}"
53,"{'TERM': 'Searching', 'MEANING': 'The process of finding a specific element within a collection of elements.'}"
54,"{'TERM': 'Big O Notation', 'MEANING': 'A mathematical notation that describes the limiting behavior of a function when the argument approaches a particular value or infinity.'}"
55,"{'TERM': 'Complexity', 'MEANING': 'The measure of how the runtime of an algorithm or function increases with the size of its input.'}"
56,"{'TERM': 'Asymptotic', 'MEANING': 'Relating to the behavior of a function as the input size approaches infinity.'}"
57,"{'TERM': 'Efficiency', 'MEANING': 'The ability to accomplish a task with minimal wasted time, effort, or resources.'}"
58,"{'TERM': 'Optimization', 'MEANING': 'The process of making a system, design, or code as efficient as possible.'}"
59,"{'TERM': 'Agile', 'MEANING': 'A software development methodology focused on iterative development, collaboration, and customer feedback.'}"
60,"{'TERM': 'Scrum', 'MEANING': 'A framework within the Agile methodology that emphasizes teamwork, accountability, and iterative progress.'}"
61,"{'TERM': 'Kanban', 'MEANING': 'A method for managing knowledge work with an emphasis on just-in-time delivery while not overloading the team members.'}"
62,"{'TERM': 'Git', 'MEANING': 'A distributed version control system for tracking changes in source code during software development.'}"
63,"{'TERM': 'GitHub', 'MEANING': 'A web-based hosting service for version control using Git.'}"
64,"{'TERM': 'Bitbucket', 'MEANING': 'A web-based hosting service for projects that use either the Mercurial or Git revision control systems.'}"
65,"{'TERM': 'Continuous Integration', 'MEANING': 'The practice of frequently integrating code changes into a shared repository, followed by an automated build and test process.'}"
66,"{'TERM': 'Continuous Deployment', 'MEANING': 'The practice of automatically deploying code changes to production environments after passing automated tests.'}"
67,"{'TERM': 'Containerization', 'MEANING': 'The process of encapsulating an application and its dependencies into a container that can run on any computing environment.'}"
68,"{'TERM': 'Virtualization', 'MEANING': 'The process of creating a virtual representation of a physical computing device, such as a server, storage device, or network resource.'}"
69,"{'TERM': 'Cloud Computing', 'MEANING': 'The delivery of computing services—including servers, storage, databases, networking, software, and analytics—over the internet.'}"
70,"{'TERM': 'Microservices', 'MEANING': 'An architectural style that structures an application as a collection of loosely coupled services, which are independently deployable and scalable.'}"
71,"{'TERM': 'RESTful', 'MEANING': 'Representational State Transfer; an architectural style for designing networked applications, emphasizing stateless communication and uniform resource interfaces.'}"
72,"{'TERM': 'JSON', 'MEANING': 'JavaScript Object Notation; a lightweight data interchange format.'}"
73,"{'TERM': 'XML', 'MEANING': 'eXtensible Markup Language; a markup language that defines a set of rules for encoding documents in a format that is both human-readable and machine-readable.'}"
74,"{'TERM': 'HTTP', 'MEANING': 'Hypertext Transfer Protocol; the foundation of data communication for the World Wide Web.'}"
75,"{'TERM': 'HTTPS', 'MEANING': 'Hypertext Transfer Protocol Secure; an extension of HTTP that provides secure communication over a computer network.'}"
76,"{'TERM': 'TCP/IP', 'MEANING': 'Transmission Control Protocol/Internet Protocol; the basic communication language or protocol of the internet.'}"
77,"{'TERM': 'SSL', 'MEANING': 'Secure Sockets Layer; a standard security technology for establishing an encrypted link between a server and a client.'}"
78,"{'TERM': 'SSH', 'MEANING': 'Secure Shell; a cryptographic network protocol for operating network services securely over an unsecured network.'}"
79,"{'TERM': 'DNS', 'MEANING': 'Domain Name System; a hierarchical decentralized naming system for computers, services, or other resources connected to the internet or a private network.'}"
80,"{'TERM': 'URL', 'MEANING': 'Uniform Resource Locator; a reference to a web resource that specifies its location on a computer network and the mechanism for retrieving it.'}"
81,"{'TERM': 'SQL', 'MEANING': 'Structured Query Language; a domain-specific language used in programming and designed for managing data held in a relational database management system.'}"
82,"{'TERM': 'NoSQL', 'MEANING': 'Not Only SQL; a broad class of database management systems that differ from the classic relational database management system.'}"
83,"{'TERM': 'ORM', 'MEANING': 'Object-Relational Mapping; a programming technique for converting data between incompatible type systems using object-oriented programming languages.'}"
84,"{'TERM': 'CRUD', 'MEANING': 'Create, Read, Update, Delete; a set of basic operations for persistent storage in a database or file system.'}"
85,"{'TERM': 'MVC', 'MEANING': 'Model-View-Controller; a software design pattern for implementing user interfaces.'}"
